gene,bin,cds_start,cds_end,aa_start,aa_end,total_count,benign_count,vus_count,pathogenic_count,pathogenic_fraction,pathogenic_fraction_no_truncation,pathogenic_fraction_no_splice,pathogenic_fraction_no_functional,residual_pathogenic_fraction,truncation_pathogenic_count,splice_pathogenic_count,functional_pathogenic_count,benign_functional_count,benign_rule_count,high_spliceai_count,pp3_count,pvs1_pm5_count,ps3_ps1_pp4_count,bs3_count,bp_benign_rule_count,pm2_only_or_none_count,near_boundary_count,mixed_position_count,mixed_codon_count,top_structure_feature,truncation_pathogenic_fraction,splice_pathogenic_fraction,functional_pathogenic_fraction,region_category
BRCA1,1,1,100,1,34,300,196,82,22,0.0733,0.0211,0.0523,0.0000,0.0000,16,7,22,211,7,13,8,16,59,211,7,26,99,53,31,RING zinc-binding/E3 ligase region,0.7273,0.3182,1.0000,functional_pathogenic_driven
BRCA1,2,101,200,34,67,300,182,88,30,0.1000,0.0459,0.0602,0.0000,0.0000,17,15,30,191,11,50,44,17,75,191,11,26,66,44,31,RING zinc-binding/E3 ligase region,0.5667,0.5000,1.0000,functional_pathogenic_driven
BRCA1,3,201,300,67,100,300,195,77,28,0.0933,0.0523,0.0193,0.0426,0.0000,13,24,26,201,3,93,84,13,52,201,3,27,96,54,30,RING zinc-binding/E3 ligase region,0.4643,0.8571,0.9286,functional_pathogenic_driven
BRCA1,4,301,400,101,134,300,277,9,14,0.0467,0.0000,0.0438,0.0479,0.0000,14,1,0,8,275,3,2,14,0,8,275,8,36,17,15,RING zinc-binding/E3 ligase region,1.0000,0.0714,0.0000,truncation_driven
BRCA1,5,401,500,134,167,300,274,15,11,0.0367,0.0000,0.0316,0.0381,0.0000,11,2,0,11,274,15,13,11,0,11,274,1,66,16,13,none,1.0000,0.1818,0.0000,truncation_driven
BRCA1,6,501,600,167,200,300,251,39,10,0.0333,0.0000,0.0324,0.0342,0.0000,10,1,0,8,250,22,20,16,0,8,250,19,120,26,20,none,1.0000,0.1000,0.0000,truncation_driven
BRCA1,7,601,700,201,234,300,211,86,3,0.0100,0.0000,0.0119,0.0101,0.0000,3,0,0,2,211,47,38,15,0,2,211,48,78,42,27,none,1.0000,0.0000,0.0000,truncation_driven
BRCA1,8,701,800,234,267,300,238,49,13,0.0433,0.0000,0.0464,0.0439,0.0000,13,0,0,4,238,20,20,13,0,4,238,29,0,31,18,none,1.0000,0.0000,0.0000,truncation_driven
BRCA1,9,801,900,267,300,300,273,11,16,0.0533,0.0000,0.0503,0.0541,0.0000,16,1,0,4,273,2,1,16,0,4,273,10,0,19,17,none,1.0000,0.0625,0.0000,truncation_driven
BRCA1,10,901,1000,301,334,300,284,0,16,0.0533,0.0000,0.0533,0.0541,0.0000,16,0,0,4,284,0,0,16,0,4,284,0,0,15,14,none,1.0000,0.0000,0.0000,truncation_driven
BRCA1,11,1001,1100,334,367,300,282,0,18,0.0600,0.0000,0.0600,0.0602,0.0000,18,0,0,1,282,0,0,18,0,1,282,0,0,17,16,none,1.0000,0.0000,0.0000,truncation_driven
BRCA1,12,1101,1200,367,400,300,286,0,14,0.0467,0.0000,0.0467,0.0468,0.0000,14,0,0,1,286,0,0,14,0,1,286,0,0,12,10,none,1.0000,0.0000,0.0000,truncation_driven
BRCA1,13,1201,1300,401,434,300,284,0,16,0.0533,0.0000,0.0533,0.0544,0.0000,16,0,0,6,284,0,0,16,0,6,284,0,0,12,12,none,1.0000,0.0000,0.0000,truncation_driven
BRCA1,14,1301,1400,434,467,300,283,0,17,0.0567,0.0000,0.0567,0.0574,0.0000,17,0,0,4,283,0,0,17,0,4,283,0,0,14,14,none,1.0000,0.0000,0.0000,truncation_driven
BRCA1,15,1401,1500,467,500,300,291,0,9,0.0300,0.0000,0.0300,0.0302,0.0000,9,0,0,2,291,0,0,9,0,2,291,0,0,8,9,none,1.0000,0.0000,0.0000,truncation_driven
BRCA1,16,1501,1600,501,534,300,284,0,16,0.0533,0.0000,0.0533,0.0542,0.0000,16,0,0,5,284,0,0,16,0,5,284,0,0,14,14,none,1.0000,0.0000,0.0000,truncation_driven
BRCA1,17,1601,1700,534,567,300,289,0,11,0.0367,0.0000,0.0367,0.0368,0.0000,11,0,0,1,289,0,0,11,0,1,289,0,0,11,12,none,1.0000,0.0000,0.0000,truncation_driven
BRCA1,18,1701,1800,567,600,300,287,0,13,0.0433,0.0000,0.0433,0.0435,0.0000,13,0,0,1,287,0,0,13,0,1,287,0,0,11,11,none,1.0000,0.0000,0.0000,truncation_driven
BRCA1,19,1801,1900,601,634,300,292,0,8,0.0267,0.0000,0.0267,0.0269,0.0000,8,0,0,3,292,0,0,8,0,3,292,0,0,7,7,none,1.0000,0.0000,0.0000,truncation_driven
BRCA1,20,1901,2000,634,667,300,284,0,16,0.0533,0.0000,0.0533,0.0541,0.0000,16,0,0,4,284,0,0,16,0,4,284,0,0,15,15,none,1.0000,0.0000,0.0000,truncation_driven
BRCA1,21,2001,2100,667,700,300,288,0,12,0.0400,0.0000,0.0400,0.0404,0.0000,12,0,0,3,288,0,0,12,0,3,288,0,0,12,13,none,1.0000,0.0000,0.0000,truncation_driven
BRCA1,22,2101,2200,701,734,300,282,1,17,0.0567,0.0000,0.0569,0.0572,0.0000,17,0,0,3,282,1,1,17,0,3,282,0,0,16,15,none,1.0000,0.0000,0.0000,truncation_driven
BRCA1,23,2201,2300,734,767,300,285,2,13,0.0433,0.0000,0.0436,0.0439,0.0000,13,0,0,4,285,2,2,13,0,4,285,0,0,14,14,none,1.0000,0.0000,0.0000,truncation_driven
BRCA1,24,2301,2400,767,800,300,284,1,15,0.0500,0.0000,0.0502,0.0505,0.0000,15,0,0,3,284,1,1,15,0,3,284,0,0,13,12,none,1.0000,0.0000,0.0000,truncation_driven
BRCA1,25,2401,2500,801,834,300,285,0,15,0.0500,0.0000,0.0500,0.0505,0.0000,15,0,0,3,285,0,0,15,0,3,285,0,0,14,14,none,1.0000,0.0000,0.0000,truncation_driven
BRCA1,26,2501,2600,834,867,300,284,0,16,0.0533,0.0000,0.0533,0.0546,0.0000,16,0,0,7,284,0,0,16,0,7,284,0,0,14,15,none,1.0000,0.0000,0.0000,truncation_driven
BRCA1,27,2601,2700,867,900,300,284,1,15,0.0500,0.0000,0.0500,0.0507,0.0000,15,0,0,4,284,0,0,15,0,4,284,1,0,13,13,none,1.0000,0.0000,0.0000,truncation_driven
BRCA1,28,2701,2800,901,934,300,283,3,14,0.0467,0.0000,0.0470,0.0475,0.0000,14,0,0,5,283,2,2,14,0,5,283,1,0,17,16,none,1.0000,0.0000,0.0000,truncation_driven
BRCA1,29,2801,2900,934,967,300,286,1,13,0.0433,0.0000,0.0435,0.0435,0.0000,13,0,0,1,286,1,1,13,0,1,286,0,0,13,14,none,1.0000,0.0000,0.0000,truncation_driven
BRCA1,30,2901,3000,967,1000,300,283,1,16,0.0533,0.0000,0.0535,0.0541,0.0000,16,0,0,4,283,1,1,16,0,4,283,0,0,14,13,none,1.0000,0.0000,0.0000,truncation_driven
BRCA1,31,3001,3100,1001,1034,300,285,1,14,0.0467,0.0000,0.0467,0.0475,0.0000,14,0,0,5,285,0,0,14,0,5,285,1,0,13,13,none,1.0000,0.0000,0.0000,truncation_driven
BRCA1,32,3101,3200,1034,1067,300,291,1,8,0.0267,0.0000,0.0267,0.0269,0.0000,8,0,0,3,291,0,0,8,0,3,291,1,0,8,7,none,1.0000,0.0000,0.0000,truncation_driven
BRCA1,33,3201,3300,1067,1100,300,283,0,17,0.0567,0.0000,0.0567,0.0569,0.0000,17,0,0,1,283,0,0,17,0,1,283,0,0,15,15,none,1.0000,0.0000,0.0000,truncation_driven
BRCA1,34,3301,3400,1101,1134,300,265,16,19,0.0633,0.0000,0.0614,0.0640,0.0000,19,1,0,3,265,7,6,19,0,3,265,10,0,23,20,none,1.0000,0.0526,0.0000,truncation_driven
BRCA1,35,3401,3500,1134,1167,300,278,11,11,0.0367,0.0000,0.0370,0.0373,0.0000,11,0,0,5,278,3,3,11,0,5,278,8,0,18,15,none,1.0000,0.0000,0.0000,truncation_driven
BRCA1,36,3501,3600,1167,1200,300,287,4,9,0.0300,0.0000,0.0303,0.0303,0.0000,9,0,0,3,287,3,3,9,0,3,287,1,0,12,11,none,1.0000,0.0000,0.0000,truncation_driven
BRCA1,37,3601,3700,1201,1234,300,269,7,24,0.0800,0.0000,0.0805,0.0808,0.0000,24,0,0,3,270,2,2,24,0,3,270,4,0,24,22,none,1.0000,0.0000,0.0000,truncation_driven
BRCA1,38,3701,3800,1234,1267,300,283,1,16,0.0533,0.0000,0.0533,0.0542,0.0000,16,0,0,5,283,0,0,16,0,5,283,1,0,13,12,none,1.0000,0.0000,0.0000,truncation_driven
BRCA1,39,3801,3900,1267,1300,300,242,43,15,0.0500,0.0000,0.0490,0.0505,0.0000,15,1,0,3,242,14,13,15,0,3,242,30,0,28,22,none,1.0000,0.0667,0.0000,truncation_driven
BRCA1,40,3901,4000,1301,1334,300,274,14,12,0.0400,0.0000,0.0404,0.0410,0.0000,12,0,0,7,274,3,3,12,0,7,274,11,0,22,18,none,1.0000,0.0000,0.0000,truncation_driven
BRCA1,41,4001,4100,1334,1367,300,223,56,21,0.0700,0.0000,0.0519,0.0709,0.0000,21,7,0,4,223,30,23,21,0,4,223,32,45,42,27,none,1.0000,0.3333,0.0000,truncation_driven
BRCA1,42,4101,4200,1367,1400,300,210,77,13,0.0433,0.0035,0.0353,0.0417,0.0000,12,3,1,11,218,17,15,12,1,11,218,50,87,17,15,coiled-coil PALB2 interaction region,0.9231,0.2308,0.0769,truncation_driven
BRCA1,43,4201,4300,1401,1434,300,94,192,14,0.0467,0.0000,0.0470,0.0484,0.0000,14,0,0,11,127,2,2,14,0,11,127,153,0,24,19,coiled-coil PALB2 interaction region,1.0000,0.0000,0.0000,truncation_driven
BRCA1,44,4301,4400,1434,1467,300,205,77,18,0.0600,0.0000,0.0373,0.0612,0.0000,18,9,0,6,205,59,50,18,0,6,205,27,66,30,20,none,1.0000,0.5000,0.0000,truncation_driven
BRCA1,45,4401,4500,1467,1500,300,254,34,12,0.0400,0.0035,0.0347,0.0379,0.0000,11,2,1,9,253,12,11,11,1,9,253,24,66,31,23,none,0.9167,0.1667,0.0833,truncation_driven
BRCA1,46,4501,4600,1501,1534,300,261,21,18,0.0600,0.0000,0.0594,0.0621,0.0000,18,1,0,10,261,14,13,18,0,10,261,8,0,21,16,none,1.0000,0.0556,0.0000,truncation_driven
BRCA1,47,4601,4700,1534,1567,300,241,40,19,0.0633,0.0035,0.0556,0.0627,0.0000,18,3,1,12,240,12,10,18,1,12,240,31,66,25,20,none,0.9474,0.1579,0.0526,truncation_driven
BRCA1,48,4701,4800,1567,1600,300,289,2,9,0.0300,0.0000,0.0268,0.0321,0.0000,9,1,0,20,289,1,0,9,0,20,289,2,0,9,9,none,1.0000,0.1111,0.0000,truncation_driven
BRCA1,49,4801,4900,1601,1634,300,283,6,11,0.0367,0.0034,0.0241,0.0380,0.0000,10,4,1,36,281,9,6,10,1,36,281,2,0,16,15,none,0.9091,0.3636,0.0909,truncation_driven
BRCA1,50,4901,5000,1634,1667,300,239,43,18,0.0600,0.0140,0.0418,0.0000,0.0000,14,6,18,238,136,13,11,14,33,238,136,14,66,31,25,BRCT phosphopeptide-binding region,0.7778,0.3333,1.0000,functional_pathogenic_driven
BRCA1,51,5001,5100,1667,1700,300,163,100,37,0.1233,0.0931,0.0240,0.0000,0.0000,10,31,37,179,8,50,43,10,75,179,8,34,66,60,33,BRCT phosphopeptide-binding region,0.2703,0.8378,1.0000,functional_pathogenic_driven
BRCA1,52,5101,5200,1701,1734,300,190,84,26,0.0867,0.0249,0.0756,0.0000,0.0000,19,4,26,198,10,9,9,19,82,198,10,16,120,51,30,BRCT phosphopeptide-binding region,0.7308,0.1538,1.0000,functional_pathogenic_driven
BRCA1,53,5201,5300,1734,1767,300,176,103,21,0.0700,0.0245,0.0676,0.0000,0.0000,14,1,21,185,8,3,4,14,72,185,8,36,78,50,32,BRCT phosphopeptide-binding region,0.6667,0.0476,1.0000,functional_pathogenic_driven
BRCA1,54,5301,5400,1767,1800,300,204,76,20,0.0667,0.0141,0.0676,0.0000,0.0000,16,0,20,225,7,4,4,16,46,225,7,23,81,49,31,BRCT phosphopeptide-binding region,0.8000,0.0000,1.0000,functional_pathogenic_driven
BRCA1,55,5401,5500,1801,1834,300,218,71,11,0.0367,0.0137,0.0141,0.0278,0.0000,7,7,10,231,11,16,13,7,33,231,11,29,117,34,27,BRCT phosphopeptide-binding region,0.6364,0.6364,0.9091,functional_pathogenic_driven
BRCA1,56,5501,5592,1834,1864,276,180,79,17,0.0616,0.0154,0.0616,0.0000,0.0000,13,0,17,132,72,0,0,16,46,132,72,32,33,42,22,BRCT phosphopeptide-binding region,0.7647,0.0000,1.0000,functional_pathogenic_driven
BRCA2,1,1,100,1,34,300,74,211,15,0.0500,0.0035,0.0426,0.0481,0.0000,14,3,1,5,106,18,15,14,4,5,106,157,99,21,18,PALB2 binding N-terminal region,0.9333,0.2000,0.0667,truncation_driven
BRCA2,2,101,200,34,67,300,228,57,15,0.0500,0.0000,0.0500,0.0505,0.0000,15,0,0,3,244,0,0,15,0,3,244,41,0,16,15,PALB2 binding N-terminal region,1.0000,0.0000,0.0000,truncation_driven
BRCA2,3,201,300,67,100,300,279,4,17,0.0567,0.0000,0.0507,0.0569,0.0000,17,2,0,1,279,4,2,17,0,1,279,2,0,16,15,none,1.0000,0.1176,0.0000,truncation_driven
BRCA2,4,301,400,101,134,300,271,17,12,0.0400,0.0000,0.0375,0.0401,0.0000,12,1,0,1,271,7,6,12,0,1,271,11,66,14,14,none,1.0000,0.0833,0.0000,truncation_driven
BRCA2,5,401,500,134,167,300,261,28,11,0.0367,0.0000,0.0326,0.0367,0.0000,11,2,0,0,261,24,22,11,0,0,261,6,132,23,17,none,1.0000,0.1818,0.0000,truncation_driven
BRCA2,6,501,600,167,200,300,206,81,13,0.0433,0.0000,0.0260,0.0439,0.0000,13,6,0,4,205,31,25,13,0,4,205,55,66,41,25,none,1.0000,0.4615,0.0000,truncation_driven
BRCA2,7,601,700,201,234,300,248,45,7,0.0233,0.0000,0.0215,0.0235,0.0000,7,1,0,2,248,21,20,7,0,2,248,25,132,24,17,none,1.0000,0.1429,0.0000,truncation_driven
BRCA2,8,701,800,234,267,300,271,19,10,0.0333,0.0000,0.0311,0.0334,0.0000,10,1,0,1,271,11,10,10,0,1,271,9,54,24,19,none,1.0000,0.1000,0.0000,truncation_driven
BRCA2,9,801,900,267,300,300,277,6,17,0.0567,0.0000,0.0574,0.0569,0.0000,17,0,0,1,277,4,4,17,0,1,277,2,12,19,17,none,1.0000,0.0000,0.0000,truncation_driven
BRCA2,10,901,1000,301,334,300,280,3,17,0.0567,0.0000,0.0572,0.0570,0.0000,17,0,0,2,280,3,3,17,0,2,280,0,0,18,16,none,1.0000,0.0000,0.0000,truncation_driven
BRCA2,11,1001,1100,334,367,300,282,0,18,0.0600,0.0000,0.0600,0.0600,0.0000,18,0,0,0,282,0,0,18,0,0,282,0,0,15,15,none,1.0000,0.0000,0.0000,truncation_driven
BRCA2,12,1101,1200,367,400,300,285,0,15,0.0500,0.0000,0.0468,0.0500,0.0000,15,1,0,0,285,1,0,15,0,0,285,0,0,14,13,none,1.0000,0.0667,0.0000,truncation_driven
BRCA2,13,1201,1300,401,434,300,280,1,19,0.0633,0.0000,0.0635,0.0633,0.0000,19,0,0,0,280,1,1,19,0,0,280,0,0,16,16,none,1.0000,0.0000,0.0000,truncation_driven
BRCA2,14,1301,1400,434,467,300,282,1,17,0.0567,0.0000,0.0567,0.0572,0.0000,17,0,0,3,282,0,0,17,0,3,282,1,0,15,16,none,1.0000,0.0000,0.0000,truncation_driven
BRCA2,15,1401,1500,467,500,300,286,2,12,0.0400,0.0000,0.0403,0.0368,0.0000,12,0,1,0,286,2,2,12,1,0,286,0,0,13,13,none,1.0000,0.0000,0.0833,truncation_driven
BRCA2,16,1501,1600,501,534,300,282,3,15,0.0500,0.0000,0.0500,0.0500,0.0000,15,0,0,0,282,0,0,15,0,0,282,3,0,16,16,none,1.0000,0.0000,0.0000,truncation_driven
BRCA2,17,1601,1700,534,567,300,283,0,17,0.0567,0.0000,0.0567,0.0567,0.0000,17,0,0,0,283,0,0,17,0,0,283,0,0,14,14,none,1.0000,0.0000,0.0000,truncation_driven
BRCA2,18,1701,1800,567,600,300,281,4,15,0.0500,0.0000,0.0505,0.0510,0.0000,15,0,0,6,282,3,3,15,0,6,282,1,0,16,14,none,1.0000,0.0000,0.0000,truncation_driven
BRCA2,19,1801,1900,601,634,300,283,1,16,0.0533,0.0000,0.0535,0.0537,0.0000,16,0,0,2,283,1,1,16,0,2,283,0,6,15,15,none,1.0000,0.0000,0.0000,truncation_driven
BRCA2,20,1901,2000,634,667,300,276,8,16,0.0533,0.0000,0.0542,0.0535,0.0000,16,0,0,1,276,5,5,16,0,1,276,3,60,14,14,none,1.0000,0.0000,0.0000,truncation_driven
BRCA2,21,2001,2100,667,700,300,280,2,18,0.0600,0.0000,0.0569,0.0600,0.0000,18,1,0,0,280,1,0,18,0,0,280,2,0,18,16,none,1.0000,0.0556,0.0000,truncation_driven
BRCA2,22,2101,2200,701,734,300,282,0,18,0.0600,0.0000,0.0600,0.0600,0.0000,18,0,0,0,282,0,0,18,0,0,282,0,0,16,17,none,1.0000,0.0000,0.0000,truncation_driven
BRCA2,23,2201,2300,734,767,300,283,0,17,0.0567,0.0000,0.0567,0.0537,0.0000,17,0,1,1,283,0,0,17,1,1,283,0,0,13,13,none,1.0000,0.0000,0.0588,truncation_driven
BRCA2,24,2301,2400,767,800,300,283,0,17,0.0567,0.0000,0.0567,0.0567,0.0000,17,0,0,0,283,0,0,17,0,0,283,0,0,12,12,none,1.0000,0.0000,0.0000,truncation_driven
BRCA2,25,2401,2500,801,834,300,282,0,18,0.0600,0.0000,0.0600,0.0600,0.0000,18,0,0,0,282,0,0,18,0,0,282,0,0,14,15,none,1.0000,0.0000,0.0000,truncation_driven
BRCA2,26,2501,2600,834,867,300,280,0,20,0.0667,0.0000,0.0667,0.0669,0.0000,20,0,0,1,280,0,0,20,0,1,280,0,0,17,17,none,1.0000,0.0000,0.0000,truncation_driven
BRCA2,27,2601,2700,867,900,300,288,0,12,0.0400,0.0000,0.0400,0.0401,0.0000,12,0,0,1,288,0,0,12,0,1,288,0,0,9,9,none,1.0000,0.0000,0.0000,truncation_driven
BRCA2,28,2701,2800,901,934,300,285,0,15,0.0500,0.0000,0.0500,0.0502,0.0000,15,0,0,1,285,0,0,15,0,1,285,0,0,12,12,none,1.0000,0.0000,0.0000,truncation_driven
BRCA2,29,2801,2900,934,967,300,284,0,16,0.0533,0.0000,0.0533,0.0533,0.0000,16,0,0,0,284,0,0,16,0,0,284,0,0,14,14,none,1.0000,0.0000,0.0000,truncation_driven
BRCA2,30,2901,3000,967,1000,300,283,0,17,0.0567,0.0000,0.0567,0.0539,0.0000,17,0,1,2,283,0,0,17,1,2,283,0,0,14,13,BRC repeats / RAD51-binding region,1.0000,0.0000,0.0588,truncation_driven
BRCA2,31,3001,3100,1001,1034,300,286,0,14,0.0467,0.0000,0.0467,0.0468,0.0000,14,0,0,1,286,0,0,14,0,1,286,0,0,12,12,BRC repeats / RAD51-binding region,1.0000,0.0000,0.0000,truncation_driven
BRCA2,32,3101,3200,1034,1067,300,281,0,19,0.0633,0.0000,0.0633,0.0633,0.0000,19,0,0,0,281,0,0,19,0,0,281,0,0,15,15,BRC repeats / RAD51-binding region,1.0000,0.0000,0.0000,truncation_driven
BRCA2,33,3201,3300,1067,1100,300,288,0,12,0.0400,0.0000,0.0400,0.0401,0.0000,12,0,0,1,288,0,0,12,0,1,288,0,0,9,9,BRC repeats / RAD51-binding region,1.0000,0.0000,0.0000,truncation_driven
BRCA2,34,3301,3400,1101,1134,300,282,0,18,0.0600,0.0000,0.0600,0.0602,0.0000,18,0,0,1,282,0,0,18,0,1,282,0,0,15,15,BRC repeats / RAD51-binding region,1.0000,0.0000,0.0000,truncation_driven
BRCA2,35,3401,3500,1134,1167,300,285,0,15,0.0500,0.0000,0.0500,0.0502,0.0000,15,0,0,1,285,0,0,15,0,1,285,0,0,13,13,BRC repeats / RAD51-binding region,1.0000,0.0000,0.0000,truncation_driven
BRCA2,36,3501,3600,1167,1200,300,289,0,11,0.0367,0.0000,0.0367,0.0368,0.0000,11,0,0,1,289,0,0,11,0,1,289,0,0,11,11,BRC repeats / RAD51-binding region,1.0000,0.0000,0.0000,truncation_driven
BRCA2,37,3601,3700,1201,1234,300,289,0,11,0.0367,0.0000,0.0367,0.0368,0.0000,11,0,0,1,289,0,0,11,0,1,289,0,0,8,8,BRC repeats / RAD51-binding region,1.0000,0.0000,0.0000,truncation_driven
BRCA2,38,3701,3800,1234,1267,300,287,0,13,0.0433,0.0000,0.0433,0.0433,0.0000,13,0,0,0,287,0,0,13,0,0,287,0,0,11,11,BRC repeats / RAD51-binding region,1.0000,0.0000,0.0000,truncation_driven
BRCA2,39,3801,3900,1267,1300,300,286,0,14,0.0467,0.0000,0.0467,0.0467,0.0000,14,0,0,0,286,0,0,14,0,0,286,0,0,12,12,BRC repeats / RAD51-binding region,1.0000,0.0000,0.0000,truncation_driven
BRCA2,40,3901,4000,1301,1334,300,287,0,13,0.0433,0.0000,0.0433,0.0403,0.0000,13,0,1,1,287,0,0,13,1,1,287,0,0,11,12,BRC repeats / RAD51-binding region,1.0000,0.0000,0.0769,truncation_driven
BRCA2,41,4001,4100,1334,1367,300,287,0,13,0.0433,0.0000,0.0433,0.0433,0.0000,13,0,0,0,287,0,0,13,0,0,287,0,0,11,11,BRC repeats / RAD51-binding region,1.0000,0.0000,0.0000,truncation_driven
BRCA2,42,4101,4200,1367,1400,300,280,0,20,0.0667,0.0000,0.0667,0.0667,0.0000,20,0,0,0,280,0,0,20,0,0,280,0,0,17,18,BRC repeats / RAD51-binding region,1.0000,0.0000,0.0000,truncation_driven
BRCA2,43,4201,4300,1401,1434,300,286,0,14,0.0467,0.0000,0.0467,0.0467,0.0000,14,0,0,0,286,0,0,14,0,0,286,0,0,12,12,BRC repeats / RAD51-binding region,1.0000,0.0000,0.0000,truncation_driven
BRCA2,44,4301,4400,1434,1467,300,285,0,15,0.0500,0.0000,0.0500,0.0502,0.0000,15,0,0,1,285,0,0,15,0,1,285,0,0,12,13,BRC repeats / RAD51-binding region,1.0000,0.0000,0.0000,truncation_driven
BRCA2,45,4401,4500,1467,1500,300,288,0,12,0.0400,0.0000,0.0400,0.0401,0.0000,12,0,0,1,288,0,0,12,0,1,288,0,0,11,11,BRC repeats / RAD51-binding region,1.0000,0.0000,0.0000,truncation_driven
BRCA2,46,4501,4600,1501,1534,300,287,0,13,0.0433,0.0000,0.0433,0.0405,0.0000,13,0,1,3,287,0,0,13,1,3,287,0,0,13,13,BRC repeats / RAD51-binding region,1.0000,0.0000,0.0769,truncation_driven
BRCA2,47,4601,4700,1534,1567,300,286,0,14,0.0467,0.0000,0.0467,0.0467,0.0000,14,0,0,0,286,0,0,14,0,0,286,0,0,14,13,BRC repeats / RAD51-binding region,1.0000,0.0000,0.0000,truncation_driven
BRCA2,48,4701,4800,1567,1600,300,282,0,18,0.0600,0.0000,0.0600,0.0600,0.0000,18,0,0,0,282,0,0,18,0,0,282,0,0,16,16,BRC repeats / RAD51-binding region,1.0000,0.0000,0.0000,truncation_driven
BRCA2,49,4801,4900,1601,1634,300,285,0,15,0.0500,0.0000,0.0500,0.0500,0.0000,15,0,0,0,285,0,0,15,0,0,285,0,0,12,12,BRC repeats / RAD51-binding region,1.0000,0.0000,0.0000,truncation_driven
BRCA2,50,4901,5000,1634,1667,300,281,0,19,0.0633,0.0000,0.0633,0.0635,0.0000,19,0,0,1,281,0,0,19,0,1,281,0,0,15,15,BRC repeats / RAD51-binding region,1.0000,0.0000,0.0000,truncation_driven
BRCA2,51,5001,5100,1667,1700,300,280,0,20,0.0667,0.0000,0.0667,0.0671,0.0000,20,0,0,2,280,0,0,20,0,2,280,0,0,16,16,BRC repeats / RAD51-binding region,1.0000,0.0000,0.0000,truncation_driven
BRCA2,52,5101,5200,1701,1734,300,283,0,17,0.0567,0.0000,0.0567,0.0569,0.0000,17,0,0,1,283,0,0,17,0,1,283,0,0,13,13,BRC repeats / RAD51-binding region,1.0000,0.0000,0.0000,truncation_driven
BRCA2,53,5201,5300,1734,1767,300,278,0,22,0.0733,0.0000,0.0733,0.0736,0.0000,22,0,0,1,278,0,0,22,0,1,278,0,0,14,15,BRC repeats / RAD51-binding region,1.0000,0.0000,0.0000,truncation_driven
BRCA2,54,5301,5400,1767,1800,300,290,0,10,0.0333,0.0000,0.0333,0.0336,0.0000,10,0,0,2,290,0,0,10,0,2,290,0,0,9,10,BRC repeats / RAD51-binding region,1.0000,0.0000,0.0000,truncation_driven
BRCA2,55,5401,5500,1801,1834,300,288,0,12,0.0400,0.0000,0.0400,0.0400,0.0000,12,0,0,0,288,0,0,12,0,0,288,0,0,11,11,BRC repeats / RAD51-binding region,1.0000,0.0000,0.0000,truncation_driven
BRCA2,56,5501,5600,1834,1867,300,291,0,9,0.0300,0.0000,0.0300,0.0300,0.0000,9,0,0,0,291,0,0,9,0,0,291,0,0,8,8,BRC repeats / RAD51-binding region,1.0000,0.0000,0.0000,truncation_driven
BRCA2,57,5601,5700,1867,1900,300,282,0,18,0.0600,0.0000,0.0600,0.0574,0.0000,18,0,1,3,282,0,0,18,1,3,282,0,0,15,15,BRC repeats / RAD51-binding region,1.0000,0.0000,0.0556,truncation_driven
BRCA2,58,5701,5800,1901,1934,300,287,0,13,0.0433,0.0000,0.0433,0.0435,0.0000,13,0,0,1,287,0,0,13,0,1,287,0,0,11,11,BRC repeats / RAD51-binding region,1.0000,0.0000,0.0000,truncation_driven
BRCA2,59,5801,5900,1934,1967,300,283,0,17,0.0567,0.0000,0.0567,0.0569,0.0000,17,0,0,1,283,0,0,17,0,1,283,0,0,15,16,BRC repeats / RAD51-binding region,1.0000,0.0000,0.0000,truncation_driven
BRCA2,60,5901,6000,1967,2000,300,283,0,17,0.0567,0.0000,0.0567,0.0539,0.0000,17,0,1,2,283,0,0,17,1,2,283,0,0,12,13,BRC repeats / RAD51-binding region,1.0000,0.0000,0.0588,truncation_driven
BRCA2,61,6001,6100,2001,2034,300,286,0,14,0.0467,0.0000,0.0467,0.0468,0.0000,14,0,0,1,286,0,0,14,0,1,286,0,0,13,13,BRC repeats / RAD51-binding region,1.0000,0.0000,0.0000,truncation_driven
BRCA2,62,6101,6200,2034,2067,300,285,0,15,0.0500,0.0000,0.0500,0.0505,0.0000,15,0,0,3,285,0,0,15,0,3,285,0,0,11,11,BRC repeats / RAD51-binding region,1.0000,0.0000,0.0000,truncation_driven
BRCA2,63,6201,6300,2067,2100,300,278,0,22,0.0733,0.0000,0.0733,0.0738,0.0000,22,0,0,2,278,0,0,22,0,2,278,0,0,16,16,BRC repeats / RAD51-binding region,1.0000,0.0000,0.0000,truncation_driven
BRCA2,64,6301,6400,2101,2134,300,280,0,20,0.0667,0.0000,0.0667,0.0671,0.0000,20,0,0,2,280,0,0,20,0,2,280,0,0,16,16,none,1.0000,0.0000,0.0000,truncation_driven
BRCA2,65,6401,6500,2134,2167,300,277,5,18,0.0600,0.0000,0.0606,0.0604,0.0000,18,0,0,2,277,3,3,18,0,2,277,2,0,18,14,none,1.0000,0.0000,0.0000,truncation_driven
BRCA2,66,6501,6600,2167,2200,300,283,0,17,0.0567,0.0000,0.0567,0.0569,0.0000,17,0,0,1,283,0,0,17,0,1,283,0,0,15,16,none,1.0000,0.0000,0.0000,truncation_driven
BRCA2,67,6601,6700,2201,2234,300,264,21,15,0.0500,0.0000,0.0483,0.0500,0.0000,15,1,0,0,264,10,9,15,0,0,264,12,0,25,20,none,1.0000,0.0667,0.0000,truncation_driven
BRCA2,68,6701,6800,2234,2267,300,285,3,12,0.0400,0.0000,0.0403,0.0400,0.0000,12,0,0,0,285,2,2,12,0,0,285,1,0,13,12,none,1.0000,0.0000,0.0000,truncation_driven
BRCA2,69,6801,6900,2267,2300,300,244,34,22,0.0733,0.0000,0.0667,0.0741,0.0000,22,3,0,3,243,15,12,22,0,3,243,23,66,37,23,none,1.0000,0.1364,0.0000,truncation_driven
BRCA2,70,6901,7000,2301,2334,300,274,10,16,0.0533,0.0000,0.0483,0.0539,0.0000,16,2,0,3,274,10,8,16,0,3,274,3,78,18,17,none,1.0000,0.1250,0.0000,truncation_driven
BRCA2,71,7001,7100,2334,2367,300,281,6,13,0.0433,0.0035,0.0408,0.0405,0.0000,12,1,1,2,281,6,6,12,2,2,281,0,54,14,14,none,0.9231,0.0769,0.0769,truncation_driven
BRCA2,72,7101,7200,2367,2400,300,275,7,18,0.0600,0.0000,0.0608,0.0600,0.0000,18,0,0,0,275,4,4,18,0,0,275,3,0,21,17,none,1.0000,0.0000,0.0000,truncation_driven
BRCA2,73,7201,7300,2401,2434,300,280,4,16,0.0533,0.0000,0.0537,0.0539,0.0000,16,0,0,3,280,2,2,16,0,3,280,2,0,19,17,none,1.0000,0.0000,0.0000,truncation_driven
BRCA2,74,7301,7400,2434,2467,300,290,2,8,0.0267,0.0000,0.0267,0.0267,0.0000,8,0,0,0,290,0,0,8,0,0,290,2,0,10,11,none,1.0000,0.0000,0.0000,truncation_driven
BRCA2,75,7401,7500,2467,2500,300,110,173,17,0.0567,0.0000,0.0543,0.0596,0.0000,17,2,0,13,134,24,22,17,2,13,134,118,66,27,22,DNA-binding domain / helical-OB-DSS1 region,1.0000,0.1176,0.0000,truncation_driven
BRCA2,76,7501,7600,2501,2534,300,19,272,9,0.0300,0.0000,0.0291,0.0315,0.0000,9,1,0,12,79,25,24,9,2,12,79,179,0,26,19,DNA-binding domain / helical-OB-DSS1 region,1.0000,0.1111,0.0000,truncation_driven
BRCA2,77,7601,7700,2534,2567,300,13,273,14,0.0467,0.0000,0.0355,0.0473,0.0000,14,4,0,2,51,18,14,14,2,2,51,217,66,23,21,DNA-binding domain / helical-OB-DSS1 region,1.0000,0.2857,0.0000,truncation_driven
BRCA2,78,7701,7800,2567,2600,300,6,272,22,0.0733,0.0000,0.0749,0.0772,0.0000,22,2,0,10,44,33,31,22,5,10,44,188,18,25,21,DNA-binding domain / helical-OB-DSS1 region,1.0000,0.0909,0.0000,truncation_driven
BRCA2,79,7801,7900,2601,2634,300,11,271,18,0.0600,0.0035,0.0607,0.0639,0.0000,17,1,1,10,59,20,19,17,24,10,59,171,48,24,18,DNA-binding domain / helical-OB-DSS1 region,0.9444,0.0556,0.0556,truncation_driven
BRCA2,80,7901,8000,2634,2667,300,13,266,21,0.0700,0.0176,0.0523,0.0573,0.0000,16,6,5,9,58,13,10,16,12,9,58,199,66,30,23,DNA-binding domain / helical-OB-DSS1 region,0.7619,0.2857,0.2381,truncation_driven
BRCA2,81,8001,8100,2667,2700,300,13,273,14,0.0467,0.0104,0.0405,0.0393,0.0000,11,2,3,12,70,4,4,11,8,12,70,199,0,24,18,DNA-binding domain / helical-OB-DSS1 region,0.7857,0.1429,0.2143,truncation_driven
BRCA2,82,8101,8200,2701,2734,300,13,272,15,0.0500,0.0070,0.0468,0.0471,0.0000,13,1,2,7,66,1,1,13,17,7,66,199,0,25,21,DNA-binding domain / helical-OB-DSS1 region,0.8667,0.0667,0.1333,truncation_driven
BRCA2,83,8201,8300,2734,2767,300,15,274,11,0.0367,0.0000,0.0368,0.0350,0.0000,11,0,1,9,81,1,1,11,5,9,81,194,0,23,18,DNA-binding domain / helical-OB-DSS1 region,1.0000,0.0000,0.0909,truncation_driven
BRCA2,84,8301,8400,2767,2800,300,20,268,12,0.0400,0.0000,0.0355,0.0435,0.0000,12,2,0,15,74,18,16,12,9,15,74,176,66,25,20,DNA-binding domain / helical-OB-DSS1 region,1.0000,0.1667,0.0000,truncation_driven
BRCA2,85,8401,8500,2801,2834,300,10,271,19,0.0633,0.0071,0.0534,0.0565,0.0000,17,4,3,9,59,19,17,17,8,9,59,195,66,25,21,DNA-binding domain / helical-OB-DSS1 region,0.8947,0.2105,0.1579,truncation_driven
BRCA2,86,8501,8600,2834,2867,300,17,258,25,0.0833,0.0000,0.0836,0.0862,0.0000,25,0,0,9,67,1,1,25,1,9,67,200,0,35,25,DNA-binding domain / helical-OB-DSS1 region,1.0000,0.0000,0.0000,truncation_driven
BRCA2,87,8601,8700,2867,2900,300,9,271,20,0.0667,0.0000,0.0662,0.0678,0.0000,20,1,0,5,65,13,12,20,0,5,65,199,66,25,22,DNA-binding domain / helical-OB-DSS1 region,1.0000,0.0500,0.0000,truncation_driven
BRCA2,88,8701,8800,2901,2934,300,9,273,18,0.0600,0.0000,0.0534,0.0616,0.0000,18,3,0,7,62,19,16,18,1,7,62,196,66,20,18,DNA-binding domain / helical-OB-DSS1 region,1.0000,0.1667,0.0000,truncation_driven
BRCA2,89,8801,8900,2934,2967,300,11,270,19,0.0633,0.0000,0.0638,0.0638,0.0000,19,0,0,2,55,2,2,19,0,2,55,222,0,26,22,DNA-binding domain / helical-OB-DSS1 region,1.0000,0.0000,0.0000,truncation_driven
BRCA2,90,8901,9000,2967,3000,300,10,264,26,0.0867,0.0000,0.0760,0.0887,0.0000,26,7,0,7,59,50,43,26,0,7,59,170,66,27,23,DNA-binding domain / helical-OB-DSS1 region,1.0000,0.2692,0.0000,truncation_driven
BRCA2,91,9001,9100,3001,3034,300,7,270,23,0.0767,0.0036,0.0637,0.0753,0.0000,22,7,1,4,54,49,43,22,4,4,54,177,0,24,23,DNA-binding domain / helical-OB-DSS1 region,0.9565,0.3043,0.0435,truncation_driven
BRCA2,92,9101,9200,3034,3067,300,12,269,19,0.0633,0.0035,0.0511,0.0625,0.0000,18,7,1,9,45,65,59,18,3,9,45,168,66,24,22,DNA-binding domain / helical-OB-DSS1 region,0.9474,0.3684,0.0526,truncation_driven
BRCA2,93,9201,9300,3067,3100,300,13,268,19,0.0633,0.0071,0.0606,0.0569,0.0000,17,1,3,9,82,3,2,17,10,9,82,188,66,25,22,DNA-binding domain / helical-OB-DSS1 region,0.8947,0.0526,0.1579,truncation_driven
BRCA2,94,9301,9400,3101,3134,300,11,273,16,0.0533,0.0035,0.0533,0.0528,0.0000,15,0,1,8,62,0,0,15,8,8,62,207,0,25,20,DNA-binding domain / helical-OB-DSS1 region,0.9375,0.0000,0.0625,truncation_driven
BRCA2,95,9401,9500,3134,3167,300,9,281,10,0.0333,0.0000,0.0336,0.0336,0.0000,10,0,0,1,69,2,2,10,1,1,69,218,30,17,15,DNA-binding domain / helical-OB-DSS1 region,1.0000,0.0000,0.0000,truncation_driven
BRCA2,96,9501,9600,3167,3200,300,124,165,11,0.0367,0.0000,0.0340,0.0374,0.0000,11,1,0,5,152,6,5,11,1,5,152,128,36,14,13,DNA-binding domain / helical-OB-DSS1 region,1.0000,0.0909,0.0000,truncation_driven
BRCA2,97,9601,9700,3201,3234,300,226,57,17,0.0567,0.0000,0.0507,0.0567,0.0000,17,3,0,0,226,24,21,17,0,0,226,36,66,38,22,C-terminal RAD51-binding/nuclear localization context,1.0000,0.1765,0.0000,truncation_driven
BRCA2,98,9701,9800,3234,3267,300,235,47,18,0.0600,0.0000,0.0618,0.0600,0.0000,18,1,0,0,235,25,24,18,0,0,235,23,0,37,25,C-terminal RAD51-binding/nuclear localization context,1.0000,0.0556,0.0000,truncation_driven
BRCA2,99,9801,9900,3267,3300,300,283,6,11,0.0367,0.0000,0.0373,0.0377,0.0000,11,0,0,8,283,5,5,11,0,8,283,1,0,15,15,C-terminal RAD51-binding/nuclear localization context,1.0000,0.0000,0.0000,truncation_driven
BRCA2,100,9901,10000,3301,3334,300,288,8,4,0.0133,0.0000,0.0133,0.0101,0.0000,4,0,1,3,288,0,0,13,1,3,288,7,0,11,12,C-terminal RAD51-binding/nuclear localization context,1.0000,0.0000,0.2500,truncation_driven
BRCA2,101,10001,10100,3334,3367,300,249,51,0,0.0000,0.0000,0.0000,0.0000,0.0000,0,0,0,1,249,20,19,16,0,1,249,32,0,30,24,C-terminal RAD51-binding/nuclear localization context,0.0000,0.0000,0.0000,benign_evidence_dominant
BRCA2,102,10101,10200,3367,3400,300,283,17,0,0.0000,0.0000,0.0000,0.0000,0.0000,0,0,0,2,283,0,0,14,0,2,283,17,0,15,15,C-terminal RAD51-binding/nuclear localization context,0.0000,0.0000,0.0000,benign_evidence_dominant
BRCA2,103,10201,10257,3401,3419,171,160,11,0,0.0000,0.0000,0.0000,0.0000,0.0000,0,0,0,0,160,0,0,11,0,0,160,11,33,10,10,C-terminal RAD51-binding/nuclear localization context,0.0000,0.0000,0.0000,benign_evidence_dominant
